rollout_reward_mean,rollout_reward_std,rollout_reward_min,rollout_reward_max,rollout_length_mean,rollout_length_std,policy_kl_mean,policy_kl_std,policy_entropy_mean,policy_entropy_std,policy_clip_frac,policy_loss,value_loss,value_mean,value_std,advantage_mean,advantage_std,learning_rate,gradient_norm,clip_ratio,tokens_per_second,samples_per_second,gpu_utilization,policy_collapse_risk,reward_hacking_risk,training_stability
0.5,0.1,0.0,0.0,0.0,0.0,0.02,0.0,2.0,0.0,0.05,0.0,0.3,0.0,0.0,0.0,0.0,0.001,0.3,0.0,0.0,0.0,0.0,0.0,0.0,1.0
0.51,0.10500000000000001,0.0,0.0,0.0,0.0,0.021,0.0,1.99,0.0,0.051000000000000004,0.0,0.299,0.0,0.0,0.0,0.0,0.001,0.31,0.0,0.0,0.0,0.0,0.0,0.0,1.0
0.52,0.11,0.0,0.0,0.0,0.0,0.022,0.0,1.98,0.0,0.052000000000000005,0.0,0.298,0.0,0.0,0.0,0.0,0.001,0.32,0.0,0.0,0.0,0.0,0.0,0.0,1.0
0.53,0.115,0.0,0.0,0.0,0.0,0.023,0.0,1.97,0.0,0.053000000000000005,0.0,0.297,0.0,0.0,0.0,0.0,0.001,0.32999999999999996,0.0,0.0,0.0,0.0,0.0,0.0,1.0
0.54,0.12000000000000001,0.0,0.0,0.0,0.0,0.024,0.0,1.96,0.0,0.054000000000000006,0.0,0.296,0.0,0.0,0.0,0.0,0.001,0.33999999999999997,0.0,0.0,0.0,0.0,0.0,0.0,1.0
0.55,0.125,0.0,0.0,0.0,0.0,0.025,0.0,1.95,0.0,0.055,0.0,0.295,0.0,0.0,0.0,0.0,0.001,0.35,0.0,0.0,0.0,0.0,0.0,0.0,1.0
0.56,0.13,0.0,0.0,0.0,0.0,0.026000000000000002,0.0,1.94,0.0,0.056,0.0,0.294,0.0,0.0,0.0,0.0,0.001,0.36,0.0,0.0,0.0,0.0,0.0,0.0,1.0
0.5700000000000001,0.135,0.0,0.0,0.0,0.0,0.027,0.0,1.93,0.0,0.057,0.0,0.293,0.0,0.0,0.0,0.0,0.001,0.37,0.0,0.0,0.0,0.0,0.0,0.0,1.0
0.58,0.14,0.0,0.0,0.0,0.0,0.028,0.0,1.92,0.0,0.058,0.0,0.292,0.0,0.0,0.0,0.0,0.001,0.38,0.0,0.0,0.0,0.0,0.0,0.0,1.0
0.59,0.14500000000000002,0.0,0.0,0.0,0.0,0.029,0.0,1.91,0.0,0.059000000000000004,0.0,0.291,0.0,0.0,0.0,0.0,0.001,0.39,0.0,0.0,0.0,0.0,0.0,0.0,1.0
0.6,0.15000000000000002,0.0,0.0,0.0,0.0,0.03,0.0,1.9,0.0,0.060000000000000005,0.0,0.29,0.0,0.0,0.0,0.0,0.001,0.4,0.0,0.0,0.0,0.0,0.0,0.0,1.0
0.61,0.155,0.0,0.0,0.0,0.0,0.031,0.0,1.89,0.0,0.061,0.0,0.289,0.0,0.0,0.0,0.0,0.001,0.41,0.0,0.0,0.0,0.0,0.0,0.0,1.0
0.62,0.16,0.0,0.0,0.0,0.0,0.032,0.0,1.88,0.0,0.062,0.0,0.288,0.0,0.0,0.0,0.0,0.001,0.42,0.0,0.0,0.0,0.0,0.0,0.0,1.0
0.63,0.165,0.0,0.0,0.0,0.0,0.033,0.0,1.87,0.0,0.063,0.0,0.287,0.0,0.0,0.0,0.0,0.001,0.43,0.0,0.0,0.0,0.0,0.0,0.0,1.0
0.64,0.17,0.0,0.0,0.0,0.0,0.034,0.0,1.8599999999999999,0.0,0.064,0.0,0.286,0.0,0.0,0.0,0.0,0.001,0.44,0.0,0.0,0.0,0.0,0.0,0.0,1.0
0.65,0.175,0.0,0.0,0.0,0.0,0.035,0.0,1.85,0.0,0.065,0.0,0.285,0.0,0.0,0.0,0.0,0.001,0.44999999999999996,0.0,0.0,0.0,0.0,0.0,0.0,1.0
0.66,0.18,0.0,0.0,0.0,0.0,0.036000000000000004,0.0,1.84,0.0,0.066,0.0,0.284,0.0,0.0,0.0,0.0,0.001,0.45999999999999996,0.0,0.0,0.0,0.0,0.0,0.0,1.0
0.67,0.185,0.0,0.0,0.0,0.0,0.037000000000000005,0.0,1.83,0.0,0.067,0.0,0.283,0.0,0.0,0.0,0.0,0.001,0.47,0.0,0.0,0.0,0.0,0.0,0.0,1.0
0.6799999999999999,0.19,0.0,0.0,0.0,0.0,0.038000000000000006,0.0,1.82,0.0,0.068,0.0,0.282,0.0,0.0,0.0,0.0,0.001,0.48,0.0,0.0,0.0,0.0,0.0,0.0,1.0
0.69,0.195,0.0,0.0,0.0,0.0,0.039,0.0,1.81,0.0,0.069,0.0,0.28099999999999997,0.0,0.0,0.0,0.0,0.001,0.49,0.0,0.0,0.0,0.0,0.0,0.0,1.0
0.7,0.2,0.0,0.0,0.0,0.0,0.04,0.0,1.8,0.0,0.07,0.0,0.27999999999999997,0.0,0.0,0.0,0.0,0.001,0.5,0.0,0.0,0.0,0.0,0.0,0.0,0.942337187026646
0.71,0.20500000000000002,0.0,0.0,0.0,0.0,0.041,0.0,1.79,0.0,0.07100000000000001,0.0,0.27899999999999997,0.0,0.0,0.0,0.0,0.001,0.51,0.0,0.0,0.0,0.0,0.0,0.0,0.942337187026646
0.72,0.21000000000000002,0.0,0.0,0.0,0.0,0.041999999999999996,0.0,1.78,0.0,0.07200000000000001,0.0,0.27799999999999997,0.0,0.0,0.0,0.0,0.001,0.52,0.0,0.0,0.0,0.0,0.0,0.0,0.942337187026646
0.73,0.21500000000000002,0.0,0.0,0.0,0.0,0.043,0.0,1.77,0.0,0.07300000000000001,0.0,0.27699999999999997,0.0,0.0,0.0,0.0,0.001,0.53,0.0,0.0,0.0,0.0,0.0,0.0,0.942337187026646
0.74,0.22,0.0,0.0,0.0,0.0,0.044,0.0,1.76,0.0,0.07400000000000001,0.0,0.27599999999999997,0.0,0.0,0.0,0.0,0.001,0.54,0.0,0.0,0.0,0.0,0.0,0.0,0.942337187026646
0.75,0.225,0.0,0.0,0.0,0.0,0.045,0.0,1.75,0.0,0.07500000000000001,0.0,0.27499999999999997,0.0,0.0,0.0,0.0,0.001,0.55,0.0,0.0,0.0,0.0,0.0,0.0,0.942337187026646
0.76,0.23,0.0,0.0,0.0,0.0,0.046,0.0,1.74,0.0,0.07600000000000001,0.0,0.27399999999999997,0.0,0.0,0.0,0.0,0.001,0.56,0.0,0.0,0.0,0.0,0.0,0.0,0.942337187026646
0.77,0.23500000000000001,0.0,0.0,0.0,0.0,0.047,0.0,1.73,0.0,0.077,0.0,0.27299999999999996,0.0,0.0,0.0,0.0,0.001,0.5700000000000001,0.0,0.0,0.0,0.0,0.0,0.0,0.942337187026646
0.78,0.24000000000000002,0.0,0.0,0.0,0.0,0.048,0.0,1.72,0.0,0.078,0.0,0.27199999999999996,0.0,0.0,0.0,0.0,0.001,0.5800000000000001,0.0,0.0,0.0,0.0,0.0,0.0,0.942337187026646
0.79,0.245,0.0,0.0,0.0,0.0,0.049,0.0,1.71,0.0,0.079,0.0,0.27099999999999996,0.0,0.0,0.0,0.0,0.001,0.59,0.0,0.0,0.0,0.0,0.0,0.0,0.942337187026646
0.8,0.25,0.0,0.0,0.0,0.0,0.05,0.0,1.7,0.0,0.08,0.0,0.27,0.0,0.0,0.0,0.0,0.001,0.6,0.0,0.0,0.0,0.0,0.0,0.0,0.942337187026646
0.81,0.255,0.0,0.0,0.0,0.0,0.051000000000000004,0.0,1.69,0.0,0.081,0.0,0.269,0.0,0.0,0.0,0.0,0.001,0.61,0.0,0.0,0.0,0.0,0.0,0.0,0.942337187026646
0.8200000000000001,0.26,0.0,0.0,0.0,0.0,0.052000000000000005,0.0,1.68,0.0,0.082,0.0,0.268,0.0,0.0,0.0,0.0,0.001,0.62,0.0,0.0,0.0,0.0,0.0,0.0,0.942337187026646
0.8300000000000001,0.265,0.0,0.0,0.0,0.0,0.053000000000000005,0.0,1.67,0.0,0.083,0.0,0.267,0.0,0.0,0.0,0.0,0.001,0.63,0.0,0.0,0.0,0.0,0.0,0.0,0.942337187026646
0.8400000000000001,0.27,0.0,0.0,0.0,0.0,0.054000000000000006,0.0,1.66,0.0,0.084,0.0,0.266,0.0,0.0,0.0,0.0,0.001,0.64,0.0,0.0,0.0,0.0,0.0,0.0,0.9423371870266459
0.8500000000000001,0.275,0.0,0.0,0.0,0.0,0.05500000000000001,0.0,1.65,0.0,0.085,0.0,0.265,0.0,0.0,0.0,0.0,0.001,0.65,0.0,0.0,0.0,0.0,0.0,0.0,0.9423371870266459
0.86,0.28,0.0,0.0,0.0,0.0,0.05600000000000001,0.0,1.6400000000000001,0.0,0.08600000000000001,0.0,0.264,0.0,0.0,0.0,0.0,0.001,0.6599999999999999,0.0,0.0,0.0,0.0,0.0,0.0,0.942337187026646
0.87,0.28500000000000003,0.0,0.0,0.0,0.0,0.056999999999999995,0.0,1.63,0.0,0.087,0.0,0.263,0.0,0.0,0.0,0.0,0.001,0.6699999999999999,0.0,0.0,0.0,0.0,0.0,0.0,0.9423371870266459
0.88,0.29000000000000004,0.0,0.0,0.0,0.0,0.057999999999999996,0.0,1.62,0.0,0.088,0.0,0.262,0.0,0.0,0.0,0.0,0.001,0.6799999999999999,0.0,0.0,0.0,0.0,0.0,0.0,0.942337187026646
0.89,0.29500000000000004,0.0,0.0,0.0,0.0,0.059,0.0,1.6099999999999999,0.0,0.089,0.0,0.261,0.0,0.0,0.0,0.0,0.001,0.69,0.0,0.0,0.0,0.0,0.0,0.0,0.942337187026646
0.9,0.30000000000000004,0.0,0.0,0.0,0.0,0.06,0.0,1.6,0.0,0.09,0.0,0.26,0.0,0.0,0.0,0.0,0.001,0.7,0.0,0.0,0.0,0.0,0.0,0.0,0.942337187026646
0.91,0.30500000000000005,0.0,0.0,0.0,0.0,0.061,0.0,1.5899999999999999,0.0,0.091,0.0,0.259,0.0,0.0,0.0,0.0,0.001,0.71,0.0,0.0,0.0,0.0,0.0,0.0,0.942337187026646
0.9199999999999999,0.31,0.0,0.0,0.0,0.0,0.062,0.0,1.58,0.0,0.092,0.0,0.258,0.0,0.0,0.0,0.0,0.001,0.72,0.0,0.0,0.0,0.0,0.0,0.0,0.942337187026646
0.9299999999999999,0.315,0.0,0.0,0.0,0.0,0.063,0.0,1.57,0.0,0.093,0.0,0.257,0.0,0.0,0.0,0.0,0.001,0.73,0.0,0.0,0.0,0.0,0.0,0.0,0.942337187026646
0.94,0.32,0.0,0.0,0.0,0.0,0.064,0.0,1.56,0.0,0.094,0.0,0.256,0.0,0.0,0.0,0.0,0.001,0.74,0.0,0.0,0.0,0.0,0.0,0.0,0.942337187026646
0.95,0.325,0.0,0.0,0.0,0.0,0.065,0.0,1.55,0.0,0.095,0.0,0.255,0.0,0.0,0.0,0.0,0.001,0.75,0.0,0.0,0.0,0.0,0.0,0.0,0.942337187026646
0.96,0.33,0.0,0.0,0.0,0.0,0.066,0.0,1.54,0.0,0.096,0.0,0.254,0.0,0.0,0.0,0.0,0.001,0.76,0.0,0.0,0.0,0.0,0.0,0.0,0.942337187026646
0.97,0.335,0.0,0.0,0.0,0.0,0.067,0.0,1.53,0.0,0.097,0.0,0.253,0.0,0.0,0.0,0.0,0.001,0.77,0.0,0.0,0.0,0.0,0.0,0.0,0.942337187026646
0.98,0.33999999999999997,0.0,0.0,0.0,0.0,0.068,0.0,1.52,0.0,0.098,0.0,0.252,0.0,0.0,0.0,0.0,0.001,0.78,0.0,0.0,0.0,0.0,0.0,0.0,0.942337187026646
0.99,0.345,0.0,0.0,0.0,0.0,0.069,0.0,1.51,0.0,0.099,0.0,0.251,0.0,0.0,0.0,0.0,0.001,0.79,0.0,0.0,0.0,0.0,0.0,0.0,0.942337187026646
1.0,0.35,0.0,0.0,0.0,0.0,0.07,0.0,1.5,0.0,0.1,0.0,0.25,0.0,0.0,0.0,0.0,0.001,0.8,0.0,0.0,0.0,0.0,0.0,0.0,0.942337187026646
1.01,0.355,0.0,0.0,0.0,0.0,0.07100000000000001,0.0,1.49,0.0,0.101,0.0,0.249,0.0,0.0,0.0,0.0,0.001,0.81,0.0,0.0,0.0,0.0,0.0,0.0,0.942337187026646
1.02,0.36,0.0,0.0,0.0,0.0,0.07200000000000001,0.0,1.48,0.0,0.10200000000000001,0.0,0.248,0.0,0.0,0.0,0.0,0.001,0.8200000000000001,0.0,0.0,0.0,0.0,0.0,0.0,0.942337187026646
1.03,0.365,0.0,0.0,0.0,0.0,0.073,0.0,1.47,0.0,0.10300000000000001,0.0,0.247,0.0,0.0,0.0,0.0,0.001,0.8300000000000001,0.0,0.0,0.0,0.0,0.0,0.0,0.942337187026646
1.04,0.37,0.0,0.0,0.0,0.0,0.074,0.0,1.46,0.0,0.10400000000000001,0.0,0.246,0.0,0.0,0.0,0.0,0.001,0.8400000000000001,0.0,0.0,0.0,0.0,0.0,0.0,0.942337187026646
1.05,0.375,0.0,0.0,0.0,0.0,0.075,0.0,1.45,0.0,0.10500000000000001,0.0,0.245,0.0,0.0,0.0,0.0,0.001,0.8500000000000001,0.0,0.0,0.0,0.0,0.0,0.0,0.942337187026646
1.06,0.38,0.0,0.0,0.0,0.0,0.076,0.0,1.44,0.0,0.10600000000000001,0.0,0.244,0.0,0.0,0.0,0.0,0.001,0.8600000000000001,0.0,0.0,0.0,0.0,0.0,0.0,0.942337187026646
1.07,0.385,0.0,0.0,0.0,0.0,0.077,0.0,1.43,0.0,0.10700000000000001,0.0,0.243,0.0,0.0,0.0,0.0,0.001,0.8700000000000001,0.0,0.0,0.0,0.0,0.0,0.0,0.942337187026646
1.08,0.39,0.0,0.0,0.0,0.0,0.078,0.0,1.42,0.0,0.10800000000000001,0.0,0.242,0.0,0.0,0.0,0.0,0.001,0.8799999999999999,0.0,0.0,0.0,0.0,0.0,0.0,0.942337187026646
1.0899999999999999,0.395,0.0,0.0,0.0,0.0,0.079,0.0,1.4100000000000001,0.0,0.10900000000000001,0.0,0.241,0.0,0.0,0.0,0.0,0.001,0.8899999999999999,0.0,0.0,0.0,0.0,0.0,0.0,0.942337187026646
1.1,0.4,0.0,0.0,0.0,0.0,0.08,0.0,1.4,0.0,0.11,0.0,0.24,0.0,0.0,0.0,0.0,0.001,0.8999999999999999,0.0,0.0,0.0,0.0,0.0,0.0,0.942337187026646
1.1099999999999999,0.405,0.0,0.0,0.0,0.0,0.081,0.0,1.3900000000000001,0.0,0.111,0.0,0.239,0.0,0.0,0.0,0.0,0.001,0.9099999999999999,0.0,0.0,0.0,0.0,0.0,0.0,0.942337187026646
1.12,0.41000000000000003,0.0,0.0,0.0,0.0,0.082,0.0,1.38,0.0,0.112,0.0,0.238,0.0,0.0,0.0,0.0,0.001,0.9199999999999999,0.0,0.0,0.0,0.0,0.0,0.0,0.942337187026646
1.13,0.41500000000000004,0.0,0.0,0.0,0.0,0.083,0.0,1.37,0.0,0.113,0.0,0.237,0.0,0.0,0.0,0.0,0.001,0.9299999999999999,0.0,0.0,0.0,0.0,0.0,0.0,0.942337187026646
1.1400000000000001,0.42000000000000004,0.0,0.0,0.0,0.0,0.084,0.0,1.3599999999999999,0.0,0.114,0.0,0.236,0.0,0.0,0.0,0.0,0.001,0.94,0.0,0.0,0.0,0.0,0.0,0.0,0.942337187026646
1.15,0.42500000000000004,0.0,0.0,0.0,0.0,0.085,0.0,1.35,0.0,0.115,0.0,0.235,0.0,0.0,0.0,0.0,0.001,0.95,0.0,0.0,0.0,0.0,0.0,0.0,0.942337187026646
1.1600000000000001,0.43000000000000005,0.0,0.0,0.0,0.0,0.08600000000000001,0.0,1.3399999999999999,0.0,0.116,0.0,0.23399999999999999,0.0,0.0,0.0,0.0,0.001,0.96,0.0,0.0,0.0,0.0,0.0,0.0,0.942337187026646
1.17,0.43500000000000005,0.0,0.0,0.0,0.0,0.08700000000000001,0.0,1.33,0.0,0.117,0.0,0.23299999999999998,0.0,0.0,0.0,0.0,0.001,0.97,0.0,0.0,0.0,0.0,0.0,0.0,0.942337187026646
1.1800000000000002,0.44000000000000006,0.0,0.0,0.0,0.0,0.08800000000000001,0.0,1.3199999999999998,0.0,0.11800000000000001,0.0,0.23199999999999998,0.0,0.0,0.0,0.0,0.001,0.98,0.0,0.0,0.0,0.0,0.0,0.0,0.942337187026646
1.19,0.44500000000000006,0.0,0.0,0.0,0.0,0.08900000000000001,0.0,1.31,0.0,0.11900000000000001,0.0,0.23099999999999998,0.0,0.0,0.0,0.0,0.001,0.99,0.0,0.0,0.0,0.0,0.0,0.0,0.942337187026646
1.2000000000000002,0.45000000000000007,0.0,0.0,0.0,0.0,0.09000000000000001,0.0,1.2999999999999998,0.0,0.12000000000000001,0.0,0.22999999999999998,0.0,0.0,0.0,0.0,0.001,1.0,0.0,0.0,0.0,0.0,0.0,0.0,0.942337187026646
1.21,0.45499999999999996,0.0,0.0,0.0,0.0,0.09100000000000001,0.0,1.29,0.0,0.12100000000000001,0.0,0.22899999999999998,0.0,0.0,0.0,0.0,0.001,1.01,0.0,0.0,0.0,0.0,0.0,0.0,0.942337187026646
1.22,0.45999999999999996,0.0,0.0,0.0,0.0,0.09200000000000001,0.0,1.28,0.0,0.12200000000000001,0.0,0.22799999999999998,0.0,0.0,0.0,0.0,0.001,1.02,0.0,0.0,0.0,0.0,0.0,0.0,0.942337187026646
1.23,0.46499999999999997,0.0,0.0,0.0,0.0,0.093,0.0,1.27,0.0,0.123,0.0,0.22699999999999998,0.0,0.0,0.0,0.0,0.001,1.03,0.0,0.0,0.0,0.0,0.0,0.0,0.942337187026646
1.24,0.47,0.0,0.0,0.0,0.0,0.094,0.0,1.26,0.0,0.124,0.0,0.22599999999999998,0.0,0.0,0.0,0.0,0.001,1.04,0.0,0.0,0.0,0.0,0.0,0.0,0.942337187026646
1.25,0.475,0.0,0.0,0.0,0.0,0.095,0.0,1.25,0.0,0.125,0.0,0.22499999999999998,0.0,0.0,0.0,0.0,0.001,1.05,0.0,0.0,0.0,0.0,0.0,0.0,0.942337187026646
1.26,0.48,0.0,0.0,0.0,0.0,0.096,0.0,1.24,0.0,0.126,0.0,0.22399999999999998,0.0,0.0,0.0,0.0,0.001,1.06,0.0,0.0,0.0,0.0,0.0,0.0,0.942337187026646
1.27,0.485,0.0,0.0,0.0,0.0,0.097,0.0,1.23,0.0,0.127,0.0,0.22299999999999998,0.0,0.0,0.0,0.0,0.001,1.07,0.0,0.0,0.0,0.0,0.0,0.0,0.942337187026646
1.28,0.49,0.0,0.0,0.0,0.0,0.098,0.0,1.22,0.0,0.128,0.0,0.22199999999999998,0.0,0.0,0.0,0.0,0.001,1.08,0.0,0.0,0.0,0.0,0.0,0.0,0.942337187026646
1.29,0.495,0.0,0.0,0.0,0.0,0.099,0.0,1.21,0.0,0.129,0.0,0.22099999999999997,0.0,0.0,0.0,0.0,0.001,1.09,0.0,0.0,0.0,0.0,0.0,0.0,0.942337187026646
1.3,0.5,0.0,0.0,0.0,0.0,0.1,0.0,1.2,0.0,0.13,0.0,0.21999999999999997,0.0,0.0,0.0,0.0,0.001,1.1,0.0,0.0,0.0,0.0,0.0,0.0,0.942337187026646
1.31,0.505,0.0,0.0,0.0,0.0,0.101,0.0,1.19,0.0,0.131,0.0,0.21899999999999997,0.0,0.0,0.0,0.0,0.001,1.11,0.0,0.0,0.0,0.0,0.0,0.0,0.942337187026646
1.32,0.51,0.0,0.0,0.0,0.0,0.10200000000000001,0.0,1.18,0.0,0.132,0.0,0.21799999999999997,0.0,0.0,0.0,0.0,0.001,1.12,0.0,0.0,0.0,0.0,0.0,0.0,0.942337187026646
1.33,0.515,0.0,0.0,0.0,0.0,0.10300000000000001,0.0,1.17,0.0,0.133,0.0,0.21699999999999997,0.0,0.0,0.0,0.0,0.001,1.1300000000000001,0.0,0.0,0.0,0.0,0.0,0.0,0.942337187026646
1.3399999999999999,0.52,0.0,0.0,0.0,0.0,0.10400000000000001,0.0,1.1600000000000001,0.0,0.134,0.0,0.21599999999999997,0.0,0.0,0.0,0.0,0.001,1.14,0.0,0.0,0.0,0.0,0.0,0.0,0.942337187026646
1.35,0.525,0.0,0.0,0.0,0.0,0.10500000000000001,0.0,1.15,0.0,0.135,0.0,0.21499999999999997,0.0,0.0,0.0,0.0,0.001,1.15,0.0,0.0,0.0,0.0,0.0,0.0,0.942337187026646
1.3599999999999999,0.53,0.0,0.0,0.0,0.0,0.10600000000000001,0.0,1.1400000000000001,0.0,0.136,0.0,0.21399999999999997,0.0,0.0,0.0,0.0,0.001,1.16,0.0,0.0,0.0,0.0,0.0,0.0,0.942337187026646
1.37,0.535,0.0,0.0,0.0,0.0,0.10700000000000001,0.0,1.13,0.0,0.137,0.0,0.21299999999999997,0.0,0.0,0.0,0.0,0.001,1.17,0.0,0.0,0.0,0.0,0.0,0.0,0.942337187026646
1.38,0.54,0.0,0.0,0.0,0.0,0.108,0.0,1.12,0.0,0.138,0.0,0.212,0.0,0.0,0.0,0.0,0.001,1.18,0.0,0.0,0.0,0.0,0.0,0.0,0.942337187026646
1.3900000000000001,0.545,0.0,0.0,0.0,0.0,0.109,0.0,1.1099999999999999,0.0,0.139,0.0,0.211,0.0,0.0,0.0,0.0,0.001,1.19,0.0,0.0,0.0,0.0,0.0,0.0,0.942337187026646
1.4,0.55,0.0,0.0,0.0,0.0,0.11,0.0,1.1,0.0,0.14,0.0,0.21,0.0,0.0,0.0,0.0,0.001,1.2,0.0,0.0,0.0,0.0,0.0,0.0,0.942337187026646
1.4100000000000001,0.555,0.0,0.0,0.0,0.0,0.111,0.0,1.0899999999999999,0.0,0.14100000000000001,0.0,0.209,0.0,0.0,0.0,0.0,0.001,1.21,0.0,0.0,0.0,0.0,0.0,0.0,0.942337187026646
1.42,0.56,0.0,0.0,0.0,0.0,0.112,0.0,1.08,0.0,0.14200000000000002,0.0,0.208,0.0,0.0,0.0,0.0,0.001,1.22,0.0,0.0,0.0,0.0,0.0,0.0,0.942337187026646
1.4300000000000002,0.5650000000000001,0.0,0.0,0.0,0.0,0.113,0.0,1.0699999999999998,0.0,0.14300000000000002,0.0,0.207,0.0,0.0,0.0,0.0,0.001,1.23,0.0,0.0,0.0,0.0,0.0,0.0,0.942337187026646
1.44,0.5700000000000001,0.0,0.0,0.0,0.0,0.114,0.0,1.06,0.0,0.14400000000000002,0.0,0.206,0.0,0.0,0.0,0.0,0.001,1.24,0.0,0.0,0.0,0.0,0.0,0.0,0.942337187026646
1.4500000000000002,0.5750000000000001,0.0,0.0,0.0,0.0,0.115,0.0,1.0499999999999998,0.0,0.14500000000000002,0.0,0.205,0.0,0.0,0.0,0.0,0.001,1.25,0.0,0.0,0.0,0.0,0.0,0.0,0.942337187026646
1.46,0.58,0.0,0.0,0.0,0.0,0.116,0.0,1.04,0.0,0.14600000000000002,0.0,0.204,0.0,0.0,0.0,0.0,0.001,1.26,0.0,0.0,0.0,0.0,0.0,0.0,0.942337187026646
1.47,0.585,0.0,0.0,0.0,0.0,0.117,0.0,1.03,0.0,0.14700000000000002,0.0,0.20299999999999999,0.0,0.0,0.0,0.0,0.001,1.27,0.0,0.0,0.0,0.0,0.0,0.0,0.942337187026646
1.48,0.59,0.0,0.0,0.0,0.0,0.11800000000000001,0.0,1.02,0.0,0.14800000000000002,0.0,0.20199999999999999,0.0,0.0,0.0,0.0,0.001,1.28,0.0,0.0,0.0,0.0,0.0,0.0,0.942337187026646
1.49,0.595,0.0,0.0,0.0,0.0,0.11900000000000001,0.0,1.01,0.0,0.14900000000000002,0.0,0.20099999999999998,0.0,0.0,0.0,0.0,0.001,1.29,0.0,0.0,0.0,0.0,0.0,0.0,0.942337187026646
1.5,0.6,0.0,0.0,0.0,0.0,0.12000000000000001,0.0,1.0,0.0,0.15000000000000002,0.0,0.19999999999999998,0.0,0.0,0.0,0.0,0.001,1.3,0.0,0.0,0.0,0.0,0.0,0.0,0.942337187026646
1.51,0.605,0.0,0.0,0.0,0.0,0.12100000000000001,0.0,0.99,0.0,0.15100000000000002,0.0,0.19899999999999998,0.0,0.0,0.0,0.0,0.001,1.31,0.0,0.0,0.0,0.0,0.0,0.0,0.906675
1.52,0.61,0.0,0.0,0.0,0.0,0.12200000000000001,0.0,0.98,0.0,0.15200000000000002,0.0,0.19799999999999998,0.0,0.0,0.0,0.0,0.001,1.32,0.0,0.0,0.0,0.0,0.0,0.0,0.906675
1.53,0.615,0.0,0.0,0.0,0.0,0.12300000000000001,0.0,0.97,0.0,0.15300000000000002,0.0,0.19699999999999998,0.0,0.0,0.0,0.0,0.001,1.33,0.0,0.0,0.0,0.0,0.0,0.0,0.906675
1.54,0.62,0.0,0.0,0.0,0.0,0.12400000000000001,0.0,0.96,0.0,0.15400000000000003,0.0,0.19599999999999998,0.0,0.0,0.0,0.0,0.001,1.34,0.0,0.0,0.0,0.0,0.0,0.0,0.906675
1.55,0.625,0.0,0.0,0.0,0.0,0.125,0.0,0.95,0.0,0.155,0.0,0.195,0.0,0.0,0.0,0.0,0.001,1.35,0.0,0.0,0.0,0.0,0.0,0.0,0.906675
1.56,0.63,0.0,0.0,0.0,0.0,0.126,0.0,0.94,0.0,0.156,0.0,0.194,0.0,0.0,0.0,0.0,0.001,1.36,0.0,0.0,0.0,0.0,0.0,0.0,0.906675
1.57,0.635,0.0,0.0,0.0,0.0,0.127,0.0,0.9299999999999999,0.0,0.157,0.0,0.193,0.0,0.0,0.0,0.0,0.001,1.37,0.0,0.0,0.0,0.0,0.0,0.0,0.906675
1.58,0.64,0.0,0.0,0.0,0.0,0.128,0.0,0.9199999999999999,0.0,0.158,0.0,0.192,0.0,0.0,0.0,0.0,0.001,1.3800000000000001,0.0,0.0,0.0,0.0,0.0,0.0,0.906675
1.59,0.645,0.0,0.0,0.0,0.0,0.129,0.0,0.9099999999999999,0.0,0.159,0.0,0.191,0.0,0.0,0.0,0.0,0.001,1.3900000000000001,0.0,0.0,0.0,0.0,0.0,0.0,0.906675
1.6,0.65,0.0,0.0,0.0,0.0,0.13,0.0,0.8999999999999999,0.0,0.16,0.0,0.19,0.0,0.0,0.0,0.0,0.001,1.4000000000000001,0.0,0.0,0.0,0.0,0.0,0.0,0.906675
1.61,0.655,0.0,0.0,0.0,0.0,0.131,0.0,0.8899999999999999,0.0,0.161,0.0,0.189,0.0,0.0,0.0,0.0,0.001,1.4100000000000001,0.0,0.0,0.0,0.0,0.0,0.0,0.906675
1.62,0.66,0.0,0.0,0.0,0.0,0.132,0.0,0.8799999999999999,0.0,0.162,0.0,0.188,0.0,0.0,0.0,0.0,0.001,1.4200000000000002,0.0,0.0,0.0,0.0,0.0,0.0,0.906675
1.6300000000000001,0.665,0.0,0.0,0.0,0.0,0.133,0.0,0.8699999999999999,0.0,0.163,0.0,0.187,0.0,0.0,0.0,0.0,0.001,1.4300000000000002,0.0,0.0,0.0,0.0,0.0,0.0,0.906675
1.6400000000000001,0.67,0.0,0.0,0.0,0.0,0.134,0.0,0.8599999999999999,0.0,0.164,0.0,0.186,0.0,0.0,0.0,0.0,0.001,1.4400000000000002,0.0,0.0,0.0,0.0,0.0,0.0,0.906675
1.6500000000000001,0.675,0.0,0.0,0.0,0.0,0.135,0.0,0.8499999999999999,0.0,0.165,0.0,0.185,0.0,0.0,0.0,0.0,0.001,1.4500000000000002,0.0,0.0,0.0,0.0,0.0,0.0,0.906675
1.66,0.6799999999999999,0.0,0.0,0.0,0.0,0.136,0.0,0.8400000000000001,0.0,0.166,0.0,0.184,0.0,0.0,0.0,0.0,0.001,1.46,0.0,0.0,0.0,0.0,0.0,0.0,0.906675
1.67,0.6849999999999999,0.0,0.0,0.0,0.0,0.137,0.0,0.8300000000000001,0.0,0.167,0.0,0.183,0.0,0.0,0.0,0.0,0.001,1.47,0.0,0.0,0.0,0.0,0.0,0.0,0.906675
1.68,0.69,0.0,0.0,0.0,0.0,0.138,0.0,0.8200000000000001,0.0,0.168,0.0,0.182,0.0,0.0,0.0,0.0,0.001,1.48,0.0,0.0,0.0,0.0,0.0,0.0,0.906675
1.69,0.695,0.0,0.0,0.0,0.0,0.139,0.0,0.81,0.0,0.169,0.0,0.181,0.0,0.0,0.0,0.0,0.001,1.49,0.0,0.0,0.0,0.0,0.0,0.0,0.906675
1.7,0.7,0.0,0.0,0.0,0.0,0.13999999999999999,0.0,0.8,0.0,0.16999999999999998,0.0,0.18,0.0,0.0,0.0,0.0,0.001,1.5,0.0,0.0,0.0,0.0,0.0,0.0,0.906675
1.71,0.705,0.0,0.0,0.0,0.0,0.141,0.0,0.79,0.0,0.17099999999999999,0.0,0.179,0.0,0.0,0.0,0.0,0.001,1.51,0.0,0.0,0.0,0.0,0.0,0.0,0.906675
1.72,0.71,0.0,0.0,0.0,0.0,0.142,0.0,0.78,0.0,0.172,0.0,0.178,0.0,0.0,0.0,0.0,0.001,1.52,0.0,0.0,0.0,0.0,0.0,0.0,0.906675
1.73,0.715,0.0,0.0,0.0,0.0,0.143,0.0,0.77,0.0,0.173,0.0,0.177,0.0,0.0,0.0,0.0,0.001,1.53,0.0,0.0,0.0,0.0,0.0,0.0,0.906675
1.74,0.72,0.0,0.0,0.0,0.0,0.144,0.0,0.76,0.0,0.174,0.0,0.176,0.0,0.0,0.0,0.0,0.001,1.54,0.0,0.0,0.0,0.0,0.0,0.0,0.906675
1.75,0.725,0.0,0.0,0.0,0.0,0.145,0.0,0.75,0.0,0.175,0.0,0.175,0.0,0.0,0.0,0.0,0.001,1.55,0.0,0.0,0.0,0.0,0.0,0.0,0.906675
1.76,0.73,0.0,0.0,0.0,0.0,0.146,0.0,0.74,0.0,0.176,0.0,0.174,0.0,0.0,0.0,0.0,0.001,1.56,0.0,0.0,0.0,0.0,0.0,0.0,0.906675
1.77,0.735,0.0,0.0,0.0,0.0,0.147,0.0,0.73,0.0,0.177,0.0,0.173,0.0,0.0,0.0,0.0,0.001,1.57,0.0,0.0,0.0,0.0,0.0,0.0,0.906675
1.78,0.74,0.0,0.0,0.0,0.0,0.148,0.0,0.72,0.0,0.178,0.0,0.172,0.0,0.0,0.0,0.0,0.001,1.58,0.0,0.0,0.0,0.0,0.0,0.0,0.906675
1.79,0.745,0.0,0.0,0.0,0.0,0.149,0.0,0.71,0.0,0.179,0.0,0.17099999999999999,0.0,0.0,0.0,0.0,0.001,1.59,0.0,0.0,0.0,0.0,0.0,0.0,0.906675
1.8,0.75,0.0,0.0,0.0,0.0,0.15,0.0,0.7,0.0,0.18,0.0,0.16999999999999998,0.0,0.0,0.0,0.0,0.001,1.6,0.0,0.0,0.0,0.0,0.0,0.0,0.906675
1.81,0.755,0.0,0.0,0.0,0.0,0.151,0.0,0.69,0.0,0.181,0.0,0.16899999999999998,0.0,0.0,0.0,0.0,0.001,1.61,0.0,0.0,0.0,0.0,0.0,0.0,0.906675
1.82,0.76,0.0,0.0,0.0,0.0,0.152,0.0,0.6799999999999999,0.0,0.182,0.0,0.16799999999999998,0.0,0.0,0.0,0.0,0.001,1.62,0.0,0.0,0.0,0.0,0.0,0.0,0.906675
1.83,0.765,0.0,0.0,0.0,0.0,0.153,0.0,0.6699999999999999,0.0,0.183,0.0,0.16699999999999998,0.0,0.0,0.0,0.0,0.001,1.6300000000000001,0.0,0.0,0.0,0.0,0.0,0.0,0.906675
1.84,0.77,0.0,0.0,0.0,0.0,0.154,0.0,0.6599999999999999,0.0,0.184,0.0,0.16599999999999998,0.0,0.0,0.0,0.0,0.001,1.6400000000000001,0.0,0.0,0.0,0.0,0.0,0.0,0.906675
1.85,0.775,0.0,0.0,0.0,0.0,0.155,0.0,0.6499999999999999,0.0,0.185,0.0,0.16499999999999998,0.0,0.0,0.0,0.0,0.001,1.6500000000000001,0.0,0.0,0.0,0.0,0.0,0.0,0.906675
1.86,0.78,0.0,0.0,0.0,0.0,0.156,0.0,0.6399999999999999,0.0,0.186,0.0,0.16399999999999998,0.0,0.0,0.0,0.0,0.001,1.6600000000000001,0.0,0.0,0.0,0.0,0.0,0.0,0.906675
1.87,0.785,0.0,0.0,0.0,0.0,0.157,0.0,0.6299999999999999,0.0,0.187,0.0,0.16299999999999998,0.0,0.0,0.0,0.0,0.001,1.6700000000000002,0.0,0.0,0.0,0.0,0.0,0.0,0.906675
1.8800000000000001,0.79,0.0,0.0,0.0,0.0,0.158,0.0,0.6199999999999999,0.0,0.188,0.0,0.16199999999999998,0.0,0.0,0.0,0.0,0.001,1.6800000000000002,0.0,0.0,0.0,0.0,0.0,0.0,0.906675
1.8900000000000001,0.795,0.0,0.0,0.0,0.0,0.159,0.0,0.6099999999999999,0.0,0.189,0.0,0.16099999999999998,0.0,0.0,0.0,0.0,0.001,1.6900000000000002,0.0,0.0,0.0,0.0,0.0,0.0,0.906675
1.9000000000000001,0.8,0.0,0.0,0.0,0.0,0.16,0.0,0.5999999999999999,0.0,0.19,0.0,0.15999999999999998,0.0,0.0,0.0,0.0,0.001,1.7000000000000002,0.0,0.0,0.0,0.0,0.0,0.0,0.906675
1.91,0.8049999999999999,0.0,0.0,0.0,0.0,0.161,0.0,0.5900000000000001,0.0,0.191,0.0,0.15899999999999997,0.0,0.0,0.0,0.0,0.001,1.71,0.0,0.0,0.0,0.0,0.0,0.0,0.906675
1.92,0.8099999999999999,0.0,0.0,0.0,0.0,0.162,0.0,0.5800000000000001,0.0,0.192,0.0,0.15799999999999997,0.0,0.0,0.0,0.0,0.001,1.72,0.0,0.0,0.0,0.0,0.0,0.0,0.906675
1.93,0.815,0.0,0.0,0.0,0.0,0.163,0.0,0.5700000000000001,0.0,0.193,0.0,0.15699999999999997,0.0,0.0,0.0,0.0,0.001,1.73,0.0,0.0,0.0,0.0,0.0,0.0,0.906675
1.94,0.82,0.0,0.0,0.0,0.0,0.164,0.0,0.56,0.0,0.194,0.0,0.15599999999999997,0.0,0.0,0.0,0.0,0.001,1.74,0.0,0.0,0.0,0.0,0.0,0.0,0.906675
1.95,0.825,0.0,0.0,0.0,0.0,0.16499999999999998,0.0,0.55,0.0,0.195,0.0,0.155,0.0,0.0,0.0,0.0,0.001,1.75,0.0,0.0,0.0,0.0,0.0,0.0,0.906675
1.96,0.83,0.0,0.0,0.0,0.0,0.16599999999999998,0.0,0.54,0.0,0.196,0.0,0.154,0.0,0.0,0.0,0.0,0.001,1.76,0.0,0.0,0.0,0.0,0.0,0.0,0.906675
1.97,0.835,0.0,0.0,0.0,0.0,0.16699999999999998,0.0,0.53,0.0,0.197,0.0,0.153,0.0,0.0,0.0,0.0,0.001,1.77,0.0,0.0,0.0,0.0,0.0,0.0,0.906675
1.98,0.84,0.0,0.0,0.0,0.0,0.16799999999999998,0.0,0.52,0.0,0.198,0.0,0.152,0.0,0.0,0.0,0.0,0.001,1.78,0.0,0.0,0.0,0.0,0.0,0.0,0.906675
1.99,0.845,0.0,0.0,0.0,0.0,0.16899999999999998,0.0,0.51,0.0,0.199,0.0,0.151,0.0,0.0,0.0,0.0,0.001,1.79,0.0,0.0,0.0,0.0,0.0,0.0,0.906675
2.0,0.85,0.0,0.0,0.0,0.0,0.16999999999999998,0.0,0.5,0.0,0.2,0.0,0.15,0.0,0.0,0.0,0.0,0.001,1.8,0.0,0.0,0.0,0.0,0.0,0.0,0.906675
2.01,0.855,0.0,0.0,0.0,0.0,0.17099999999999999,0.0,0.49,0.0,0.201,0.0,0.149,0.0,0.0,0.0,0.0,0.001,1.81,0.0,0.0,0.0,0.0,0.0,0.0,0.906675
2.02,0.86,0.0,0.0,0.0,0.0,0.172,0.0,0.48,0.0,0.202,0.0,0.148,0.0,0.0,0.0,0.0,0.001,1.82,0.0,0.0,0.0,0.0,0.0,0.0,0.906675
2.0300000000000002,0.865,0.0,0.0,0.0,0.0,0.173,0.0,0.47,0.0,0.203,0.0,0.147,0.0,0.0,0.0,0.0,0.001,1.83,0.0,0.0,0.0,0.0,0.0,0.0,0.906675
2.04,0.87,0.0,0.0,0.0,0.0,0.174,0.0,0.45999999999999996,0.0,0.20400000000000001,0.0,0.146,0.0,0.0,0.0,0.0,0.001,1.84,0.0,0.0,0.0,0.0,0.0,0.0,0.906675
2.05,0.875,0.0,0.0,0.0,0.0,0.175,0.0,0.44999999999999996,0.0,0.20500000000000002,0.0,0.145,0.0,0.0,0.0,0.0,0.001,1.85,0.0,0.0,0.0,0.0,0.0,0.0,0.906675
2.06,0.88,0.0,0.0,0.0,0.0,0.176,0.0,0.43999999999999995,0.0,0.20600000000000002,0.0,0.144,0.0,0.0,0.0,0.0,0.001,1.86,0.0,0.0,0.0,0.0,0.0,0.0,0.906675
2.0700000000000003,0.885,0.0,0.0,0.0,0.0,0.177,0.0,0.42999999999999994,0.0,0.20700000000000002,0.0,0.143,0.0,0.0,0.0,0.0,0.001,1.87,0.0,0.0,0.0,0.0,0.0,0.0,0.906675
2.08,0.89,0.0,0.0,0.0,0.0,0.178,0.0,0.41999999999999993,0.0,0.20800000000000002,0.0,0.142,0.0,0.0,0.0,0.0,0.001,1.8800000000000001,0.0,0.0,0.0,0.0,0.0,0.0,0.906675
2.09,0.895,0.0,0.0,0.0,0.0,0.179,0.0,0.4099999999999999,0.0,0.20900000000000002,0.0,0.141,0.0,0.0,0.0,0.0,0.001,1.8900000000000001,0.0,0.0,0.0,0.0,0.0,0.0,0.906675
2.1,0.9,0.0,0.0,0.0,0.0,0.18,0.0,0.3999999999999999,0.0,0.21000000000000002,0.0,0.13999999999999999,0.0,0.0,0.0,0.0,0.001,1.9000000000000001,0.0,0.0,0.0,0.0,0.0,0.0,0.906675
2.1100000000000003,0.905,0.0,0.0,0.0,0.0,0.181,0.0,0.3899999999999999,0.0,0.21100000000000002,0.0,0.13899999999999998,0.0,0.0,0.0,0.0,0.001,1.9100000000000001,0.0,0.0,0.0,0.0,0.0,0.0,0.906675
2.12,0.91,0.0,0.0,0.0,0.0,0.182,0.0,0.3799999999999999,0.0,0.21200000000000002,0.0,0.13799999999999998,0.0,0.0,0.0,0.0,0.001,1.9200000000000002,0.0,0.0,0.0,0.0,0.0,0.0,0.906675
2.13,0.915,0.0,0.0,0.0,0.0,0.183,0.0,0.3699999999999999,0.0,0.21300000000000002,0.0,0.13699999999999998,0.0,0.0,0.0,0.0,0.001,1.9300000000000002,0.0,0.0,0.0,0.0,0.0,0.0,0.906675
2.14,0.92,0.0,0.0,0.0,0.0,0.184,0.0,0.3599999999999999,0.0,0.21400000000000002,0.0,0.13599999999999998,0.0,0.0,0.0,0.0,0.001,1.9400000000000002,0.0,0.0,0.0,0.0,0.0,0.0,0.906675
2.1500000000000004,0.925,0.0,0.0,0.0,0.0,0.185,0.0,0.34999999999999987,0.0,0.21500000000000002,0.0,0.13499999999999998,0.0,0.0,0.0,0.0,0.001,1.9500000000000002,0.0,0.0,0.0,0.0,0.0,0.0,0.906675
2.16,0.93,0.0,0.0,0.0,0.0,0.186,0.0,0.33999999999999986,0.0,0.21600000000000003,0.0,0.13399999999999998,0.0,0.0,0.0,0.0,0.001,1.9600000000000002,0.0,0.0,0.0,0.0,0.0,0.0,0.906675
2.17,0.9349999999999999,0.0,0.0,0.0,0.0,0.187,0.0,0.33000000000000007,0.0,0.21700000000000003,0.0,0.13299999999999998,0.0,0.0,0.0,0.0,0.001,1.97,0.0,0.0,0.0,0.0,0.0,0.0,0.906675
2.1799999999999997,0.94,0.0,0.0,0.0,0.0,0.188,0.0,0.32000000000000006,0.0,0.21800000000000003,0.0,0.13199999999999998,0.0,0.0,0.0,0.0,0.001,1.98,0.0,0.0,0.0,0.0,0.0,0.0,0.906675
2.19,0.945,0.0,0.0,0.0,0.0,0.189,0.0,0.31000000000000005,0.0,0.21900000000000003,0.0,0.13099999999999998,0.0,0.0,0.0,0.0,0.001,1.99,0.0,0.0,0.0,0.0,0.0,0.0,0.906675
2.2,0.95,0.0,0.0,0.0,0.0,0.19,0.0,0.30000000000000004,0.0,0.22000000000000003,0.0,0.12999999999999998,0.0,0.0,0.0,0.0,0.001,2.0,0.0,0.0,0.0,0.0,0.0,0.0,0.906675
2.21,0.955,0.0,0.0,0.0,0.0,0.191,0.0,0.29000000000000004,0.0,0.22100000000000003,0.0,0.12899999999999998,0.0,0.0,0.0,0.0,0.001,2.01,0.0,0.0,0.0,0.0,0.0,0.0,0.906675
2.2199999999999998,0.96,0.0,0.0,0.0,0.0,0.192,0.0,0.28,0.0,0.22200000000000003,0.0,0.12799999999999997,0.0,0.0,0.0,0.0,0.001,2.02,0.0,0.0,0.0,0.0,0.0,0.0,0.906675
2.23,0.965,0.0,0.0,0.0,0.0,0.193,0.0,0.27,0.0,0.22300000000000003,0.0,0.12699999999999997,0.0,0.0,0.0,0.0,0.001,2.03,0.0,0.0,0.0,0.0,0.0,0.0,0.906675
2.24,0.97,0.0,0.0,0.0,0.0,0.194,0.0,0.26,0.0,0.22400000000000003,0.0,0.12599999999999997,0.0,0.0,0.0,0.0,0.001,2.04,0.0,0.0,0.0,0.0,0.0,0.0,0.906675
2.25,0.975,0.0,0.0,0.0,0.0,0.195,0.0,0.25,0.0,0.22500000000000003,0.0,0.12499999999999997,0.0,0.0,0.0,0.0,0.001,2.05,0.0,0.0,0.0,0.0,0.0,0.0,0.906675
2.26,0.98,0.0,0.0,0.0,0.0,0.19599999999999998,0.0,0.24,0.0,0.22599999999999998,0.0,0.124,0.0,0.0,0.0,0.0,0.001,2.06,0.0,0.0,0.0,0.0,0.0,0.0,0.906675
2.27,0.985,0.0,0.0,0.0,0.0,0.19699999999999998,0.0,0.22999999999999998,0.0,0.22699999999999998,0.0,0.123,0.0,0.0,0.0,0.0,0.001,2.07,0.0,0.0,0.0,0.0,0.0,0.0,0.906675
2.2800000000000002,0.99,0.0,0.0,0.0,0.0,0.19799999999999998,0.0,0.21999999999999997,0.0,0.22799999999999998,0.0,0.122,0.0,0.0,0.0,0.0,0.001,2.08,0.0,0.0,0.0,0.0,0.0,0.0,0.906675
2.29,0.995,0.0,0.0,0.0,0.0,0.19899999999999998,0.0,0.20999999999999996,0.0,0.22899999999999998,0.0,0.121,0.0,0.0,0.0,0.0,0.001,2.09,0.0,0.0,0.0,0.0,0.0,0.0,0.906675
2.3,1.0,0.0,0.0,0.0,0.0,0.19999999999999998,0.0,0.19999999999999996,0.0,0.22999999999999998,0.0,0.12,0.0,0.0,0.0,0.0,0.001,2.1,0.0,0.0,0.0,0.0,0.0,0.0,0.906675
2.31,1.0050000000000001,0.0,0.0,0.0,0.0,0.20099999999999998,0.0,0.18999999999999995,0.0,0.23099999999999998,0.0,0.119,0.0,0.0,0.0,0.0,0.001,2.11,0.0,0.0,0.0,0.0,0.0,0.0,0.906675
2.3200000000000003,1.01,0.0,0.0,0.0,0.0,0.20199999999999999,0.0,0.17999999999999994,0.0,0.23199999999999998,0.0,0.118,0.0,0.0,0.0,0.0,0.001,2.12,0.0,0.0,0.0,0.0,0.0,0.0,0.906675
2.33,1.0150000000000001,0.0,0.0,0.0,0.0,0.20299999999999999,0.0,0.16999999999999993,0.0,0.23299999999999998,0.0,0.11699999999999999,0.0,0.0,0.0,0.0,0.001,2.13,0.0,0.0,0.0,0.0,0.0,0.0,0.906675
2.34,1.02,0.0,0.0,0.0,0.0,0.204,0.0,0.15999999999999992,0.0,0.23399999999999999,0.0,0.11599999999999999,0.0,0.0,0.0,0.0,0.001,2.14,0.0,0.0,0.0,0.0,0.0,0.0,0.906675
2.35,1.0250000000000001,0.0,0.0,0.0,0.0,0.205,0.0,0.1499999999999999,0.0,0.235,0.0,0.11499999999999999,0.0,0.0,0.0,0.0,0.001,2.15,0.0,0.0,0.0,0.0,0.0,0.0,0.906675
2.3600000000000003,1.03,0.0,0.0,0.0,0.0,0.206,0.0,0.1399999999999999,0.0,0.236,0.0,0.11399999999999999,0.0,0.0,0.0,0.0,0.001,2.16,0.0,0.0,0.0,0.0,0.0,0.0,0.906675
2.37,1.0350000000000001,0.0,0.0,0.0,0.0,0.207,0.0,0.1299999999999999,0.0,0.237,0.0,0.11299999999999999,0.0,0.0,0.0,0.0,0.001,2.17,0.0,0.0,0.0,0.0,0.0,0.0,0.906675
2.38,1.04,0.0,0.0,0.0,0.0,0.208,0.0,0.11999999999999988,0.0,0.238,0.0,0.11199999999999999,0.0,0.0,0.0,0.0,0.001,2.18,0.0,0.0,0.0,0.0,0.0,0.0,0.906675
2.39,1.0450000000000002,0.0,0.0,0.0,0.0,0.209,0.0,0.10999999999999988,0.0,0.239,0.0,0.11099999999999999,0.0,0.0,0.0,0.0,0.001,2.19,0.0,0.0,0.0,0.0,0.0,0.0,0.906675
2.4000000000000004,1.05,0.0,0.0,0.0,0.0,0.21,0.0,0.09999999999999987,0.0,0.24,0.0,0.10999999999999999,0.0,0.0,0.0,0.0,0.001,2.2,0.0,0.0,0.0,0.0,0.0,0.0,0.906675
2.41,1.0550000000000002,0.0,0.0,0.0,0.0,0.211,0.0,0.08999999999999986,0.0,0.241,0.0,0.10899999999999999,0.0,0.0,0.0,0.0,0.001,2.21,0.0,0.0,0.0,0.0,0.0,0.0,0.906675
2.42,1.06,0.0,0.0,0.0,0.0,0.212,0.0,0.08000000000000007,0.0,0.242,0.0,0.10799999999999998,0.0,0.0,0.0,0.0,0.001,2.2199999999999998,0.0,0.0,0.0,0.0,0.0,0.0,0.906675
2.4299999999999997,1.065,0.0,0.0,0.0,0.0,0.213,0.0,0.07000000000000006,0.0,0.243,0.0,0.10699999999999998,0.0,0.0,0.0,0.0,0.001,2.23,0.0,0.0,0.0,0.0,0.0,0.0,0.906675
2.44,1.07,0.0,0.0,0.0,0.0,0.214,0.0,0.06000000000000005,0.0,0.244,0.0,0.10599999999999998,0.0,0.0,0.0,0.0,0.001,2.2399999999999998,0.0,0.0,0.0,0.0,0.0,0.0,0.906675
2.45,1.075,0.0,0.0,0.0,0.0,0.215,0.0,0.050000000000000044,0.0,0.245,0.0,0.10499999999999998,0.0,0.0,0.0,0.0,0.001,2.25,0.0,0.0,0.0,0.0,0.0,0.0,0.906675
2.46,1.08,0.0,0.0,0.0,0.0,0.216,0.0,0.040000000000000036,0.0,0.246,0.0,0.10399999999999998,0.0,0.0,0.0,0.0,0.001,2.26,0.0,0.0,0.0,0.0,0.0,0.0,0.906675
2.4699999999999998,1.085,0.0,0.0,0.0,0.0,0.217,0.0,0.030000000000000027,0.0,0.247,0.0,0.10299999999999998,0.0,0.0,0.0,0.0,0.001,2.27,0.0,0.0,0.0,0.0,0.0,0.0,0.906675
2.48,1.09,0.0,0.0,0.0,0.0,0.218,0.0,0.020000000000000018,0.0,0.248,0.0,0.10199999999999998,0.0,0.0,0.0,0.0,0.001,2.28,0.0,0.0,0.0,0.0,0.0,0.0,0.906675
2.49,1.095,0.0,0.0,0.0,0.0,0.219,0.0,0.010000000000000009,0.0,0.249,0.0,0.10099999999999998,0.0,0.0,0.0,0.0,0.001,2.29,0.0,0.0,0.0,0.0,0.0,0.0,0.906675
