Name,Self CPU Time (μs),CPU Time (μs),Self CUDA Time (μs),CUDA Time (μs),Count
ProfilerStep*,598.999,2206.315,0,0,1
aten::item,1.4950000000000045,1.9770000000000039,0,0,1
aten::_local_scalar_dense,0.4819999999999993,0.4819999999999993,0,0,1
enumerate(DataLoader)#_SingleProcessDataLoaderIter.__next__,287.47300000000024,458.69199999999995,0,0,1
aten::select,7.7450000000000045,8.560000000000002,0,0,1
aten::as_strided,0.8149999999999977,0.8149999999999977,0,0,1
aten::select,1.155999999999949,1.3699999999999477,0,0,1
aten::as_strided,0.21399999999999864,0.21399999999999864,0,0,1
aten::select,1.3809999999999718,1.7729999999999677,0,0,1
aten::as_strided,0.3919999999999959,0.3919999999999959,0,0,1
aten::select,0.9139999999999304,1.0739999999999554,0,0,1
aten::as_strided,0.160000000000025,0.160000000000025,0,0,1
aten::select,1.6190000000000282,1.7940000000000396,0,0,1
aten::as_strided,0.17500000000001137,0.17500000000001137,0,0,1
aten::select,1.052000000000021,1.198000000000036,0,0,1
aten::as_strided,0.146000000000015,0.146000000000015,0,0,1
aten::select,1.09699999999998,1.3419999999999845,0,0,1
aten::as_strided,0.24500000000000455,0.24500000000000455,0,0,1
aten::select,1.3799999999999955,1.6099999999999568,0,0,1
aten::as_strided,0.22999999999996135,0.22999999999996135,0,0,1
aten::select,1.5460000000000491,1.8400000000000318,0,0,1
aten::as_strided,0.2939999999999827,0.2939999999999827,0,0,1
aten::select,0.8640000000000327,1.0600000000000023,0,0,1
aten::as_strided,0.19599999999996953,0.19599999999996953,0,0,1
aten::select,1.0279999999999632,1.2899999999999636,0,0,1
aten::as_strided,0.26200000000000045,0.26200000000000045,0,0,1
aten::select,0.8349999999999795,1.011000000000024,0,0,1
aten::as_strided,0.17600000000004457,0.17600000000004457,0,0,1
aten::select,1.22199999999998,1.391999999999996,0,0,1
aten::as_strided,0.17000000000001592,0.17000000000001592,0,0,1
aten::select,0.8600000000000136,1.0149999999999864,0,0,1
aten::as_strided,0.15499999999997272,0.15499999999997272,0,0,1
aten::select,1.106999999999971,1.3589999999999804,0,0,1
aten::as_strided,0.25200000000000955,0.25200000000000955,0,0,1
aten::select,1.5709999999999695,1.7690000000000055,0,0,1
aten::as_strided,0.19800000000003593,0.19800000000003593,0,0,1
aten::select,1.252999999999986,1.4610000000000127,0,0,1
aten::as_strided,0.20800000000002683,0.20800000000002683,0,0,1
aten::select,1.1610000000000014,1.406000000000006,0,0,1
aten::as_strided,0.24500000000000455,0.24500000000000455,0,0,1
aten::select,1.4460000000000264,1.850999999999999,0,0,1
aten::as_strided,0.4049999999999727,0.4049999999999727,0,0,1
aten::select,1.0209999999999582,1.2679999999999723,0,0,1
aten::as_strided,0.2470000000000141,0.2470000000000141,0,0,1
aten::select,1.072999999999979,1.44399999999996,0,0,1
aten::as_strided,0.3709999999999809,0.3709999999999809,0,0,1
aten::select,1.0120000000000005,1.3199999999999932,0,0,1
aten::as_strided,0.3079999999999927,0.3079999999999927,0,0,1
aten::select,1.242999999999995,1.4920000000000186,0,0,1
aten::as_strided,0.24900000000002365,0.24900000000002365,0,0,1
aten::select,1.2040000000000077,1.4769999999999754,0,0,1
aten::as_strided,0.2729999999999677,0.2729999999999677,0,0,1
aten::select,1.2720000000000482,1.521000000000015,0,0,1
aten::as_strided,0.2489999999999668,0.2489999999999668,0,0,1
aten::select,1.0760000000000218,1.3059999999999832,0,0,1
aten::as_strided,0.22999999999996135,0.22999999999996135,0,0,1
aten::select,1.2489999999999668,1.4979999999999905,0,0,1
aten::as_strided,0.24900000000002365,0.24900000000002365,0,0,1
aten::select,1.1490000000000578,1.4510000000000218,0,0,1
aten::as_strided,0.3019999999999641,0.3019999999999641,0,0,1
aten::select,1.1410000000000196,1.5430000000000064,0,0,1
aten::as_strided,0.4019999999999868,0.4019999999999868,0,0,1
aten::select,1.211999999999989,1.4239999999999782,0,0,1
aten::as_strided,0.21199999999998909,0.21199999999998909,0,0,1
aten::select,1.1280000000000427,1.4580000000000268,0,0,1
aten::as_strided,0.3299999999999841,0.3299999999999841,0,0,1
aten::select,1.1379999999999768,1.3249999999999886,0,0,1
aten::as_strided,0.18700000000001182,0.18700000000001182,0,0,1
aten::select,1.733000000000004,2.038000000000011,0,0,1
aten::as_strided,0.3050000000000068,0.3050000000000068,0,0,1
aten::select,1.11099999999999,1.3829999999999814,0,0,1
aten::as_strided,0.27199999999999136,0.27199999999999136,0,0,1
aten::select,1.4890000000000327,1.6829999999999927,0,0,1
aten::as_strided,0.19399999999995998,0.19399999999995998,0,0,1
aten::select,1.1270000000000664,1.3430000000000177,0,0,1
aten::as_strided,0.21599999999995134,0.21599999999995134,0,0,1
aten::select,1.1829999999999927,1.4139999999999873,0,0,1
aten::as_strided,0.23099999999999454,0.23099999999999454,0,0,1
aten::select,1.0960000000000036,1.3220000000000027,0,0,1
aten::as_strided,0.2259999999999991,0.2259999999999991,0,0,1
aten::select,1.4329999999999927,1.7339999999999804,0,0,1
aten::as_strided,0.3009999999999877,0.3009999999999877,0,0,1
aten::select,1.1829999999999927,1.38900000000001,0,0,1
aten::as_strided,0.20600000000001728,0.20600000000001728,0,0,1
aten::select,1.1599999999999682,1.3979999999999677,0,0,1
aten::as_strided,0.23799999999999955,0.23799999999999955,0,0,1
aten::select,1.1100000000000136,1.4250000000000114,0,0,1
aten::as_strided,0.3149999999999977,0.3149999999999977,0,0,1
aten::select,1.1779999999999404,1.4119999999999777,0,0,1
aten::as_strided,0.2340000000000373,0.2340000000000373,0,0,1
aten::select,1.0670000000000073,1.2989999999999782,0,0,1
aten::as_strided,0.2319999999999709,0.2319999999999709,0,0,1
aten::select,1.1200000000000045,1.5,0,0,1
aten::as_strided,0.37999999999999545,0.37999999999999545,0,0,1
aten::select,1.0469999999999686,1.2830000000000155,0,0,1
aten::as_strided,0.23600000000004684,0.23600000000004684,0,0,1
aten::select,1.2649999999999864,1.468999999999994,0,0,1
aten::as_strided,0.20400000000000773,0.20400000000000773,0,0,1
aten::select,0.9260000000000446,1.3240000000000123,0,0,1
aten::as_strided,0.3979999999999677,0.3979999999999677,0,0,1
aten::select,1.413000000000011,1.627999999999986,0,0,1
aten::as_strided,0.214999999999975,0.214999999999975,0,0,1
aten::select,1.1709999999999923,1.545000000000016,0,0,1
aten::as_strided,0.37400000000002365,0.37400000000002365,0,0,1
aten::select,1.242999999999995,1.4950000000000045,0,0,1
aten::as_strided,0.25200000000000955,0.25200000000000955,0,0,1
aten::select,1.2390000000000327,1.504000000000019,0,0,1
aten::as_strided,0.26499999999998636,0.26499999999998636,0,0,1
aten::select,1.157000000000039,1.386000000000024,0,0,1
aten::as_strided,0.228999999999985,0.228999999999985,0,0,1
aten::select,1.1859999999999786,1.5620000000000118,0,0,1
aten::as_strided,0.3760000000000332,0.3760000000000332,0,0,1
aten::select,1.391999999999996,1.6659999999999968,0,0,1
aten::as_strided,0.2740000000000009,0.2740000000000009,0,0,1
aten::select,1.4139999999999873,2.0740000000000123,0,0,1
aten::as_strided,0.660000000000025,0.660000000000025,0,0,1
aten::select,1.52800000000002,1.7450000000000045,0,0,1
aten::as_strided,0.21699999999998454,0.21699999999998454,0,0,1
aten::select,1.4939999999999714,1.7939999999999827,0,0,1
aten::as_strided,0.30000000000001137,0.30000000000001137,0,0,1
aten::select,1.566000000000031,1.7620000000000005,0,0,1
aten::as_strided,0.19599999999996953,0.19599999999996953,0,0,1
aten::select,1.3889999999999532,1.7209999999999468,0,0,1
aten::as_strided,0.33199999999999363,0.33199999999999363,0,0,1
aten::select,1.2769999999999868,1.434000000000026,0,0,1
aten::as_strided,0.1570000000000391,0.1570000000000391,0,0,1
aten::select,1.1249999999999432,1.3999999999999773,0,0,1
aten::as_strided,0.2750000000000341,0.2750000000000341,0,0,1
aten::select,1.0849999999999795,1.2789999999999964,0,0,1
aten::as_strided,0.19400000000001683,0.19400000000001683,0,0,1
aten::select,1.3729999999999905,1.8149999999999977,0,0,1
aten::as_strided,0.4420000000000073,0.4420000000000073,0,0,1
aten::stack,8.684999999999945,21.65199999999993,0,0,1
aten::cat,11.68100000000004,11.68100000000004,0,0,1
aten::view,1.2859999999999445,1.2859999999999445,0,0,1
aten::stack,12.247999999999479,47.63900000000001,0,0,1
aten::unsqueeze,1.2160000000000082,1.8640000000000327,0,0,1
aten::as_strided,0.6480000000000246,0.6480000000000246,0,0,1
aten::unsqueeze,0.8279999999999745,1.0930000000000746,0,0,1
aten::as_strided,0.26500000000010004,0.26500000000010004,0,0,1
aten::unsqueeze,0.4740000000000464,0.9940000000000282,0,0,1
aten::as_strided,0.5199999999999818,0.5199999999999818,0,0,1
aten::unsqueeze,0.49900000000013733,0.6560000000000628,0,0,1
aten::as_strided,0.15699999999992542,0.15699999999992542,0,0,1
aten::unsqueeze,0.6449999999999818,0.9089999999999918,0,0,1
aten::as_strided,0.26400000000001,0.26400000000001,0,0,1
aten::unsqueeze,0.5299999999999727,0.8120000000000118,0,0,1
aten::as_strided,0.2820000000000391,0.2820000000000391,0,0,1
aten::unsqueeze,0.5159999999999627,0.8519999999999754,0,0,1
aten::as_strided,0.33600000000001273,0.33600000000001273,0,0,1
aten::unsqueeze,0.4819999999999709,0.83400000000006,0,0,1
aten::as_strided,0.35200000000008913,0.35200000000008913,0,0,1
aten::unsqueeze,0.48899999999991905,0.6609999999999445,0,0,1
aten::as_strided,0.17200000000002547,0.17200000000002547,0,0,1
aten::unsqueeze,0.4820000000000846,0.6920000000000073,0,0,1
aten::as_strided,0.2099999999999227,0.2099999999999227,0,0,1
aten::unsqueeze,0.45900000000006,0.66700000000003,0,0,1
aten::as_strided,0.20799999999997,0.20799999999997,0,0,1
aten::unsqueeze,0.5699999999999363,0.8799999999999955,0,0,1
aten::as_strided,0.3100000000000591,0.3100000000000591,0,0,1
aten::unsqueeze,0.46099999999989905,0.7069999999999936,0,0,1
aten::as_strided,0.2460000000000946,0.2460000000000946,0,0,1
aten::unsqueeze,0.49100000000009913,0.7710000000000719,0,0,1
aten::as_strided,0.2799999999999727,0.2799999999999727,0,0,1
aten::unsqueeze,0.5120000000000573,0.6820000000000164,0,0,1
aten::as_strided,0.16999999999995907,0.16999999999995907,0,0,1
aten::unsqueeze,0.6520000000000437,1.0260000000000673,0,0,1
aten::as_strided,0.37400000000002365,0.37400000000002365,0,0,1
aten::unsqueeze,0.6820000000000164,0.83299999999997,0,0,1
aten::as_strided,0.15099999999995362,0.15099999999995362,0,0,1
aten::unsqueeze,0.5059999999999718,0.7509999999999764,0,0,1
aten::as_strided,0.24500000000000455,0.24500000000000455,0,0,1
aten::unsqueeze,0.5109999999999673,1.1269999999999527,0,0,1
aten::as_strided,0.6159999999999854,0.6159999999999854,0,0,1
aten::unsqueeze,0.8400000000000318,1.3870000000000573,0,0,1
aten::as_strided,0.5470000000000255,0.5470000000000255,0,0,1
aten::unsqueeze,0.5460000000000491,1.143000000000029,0,0,1
aten::as_strided,0.59699999999998,0.59699999999998,0,0,1
aten::unsqueeze,0.6570000000000391,1.15300000000002,0,0,1
aten::as_strided,0.4959999999999809,0.4959999999999809,0,0,1
aten::unsqueeze,1.1469999999999345,1.5910000000000082,0,0,1
aten::as_strided,0.44400000000007367,0.44400000000007367,0,0,1
aten::unsqueeze,0.5259999999999536,0.7129999999999654,0,0,1
aten::as_strided,0.18700000000001182,0.18700000000001182,0,0,1
aten::unsqueeze,0.5230000000001382,1.0450000000000728,0,0,1
aten::as_strided,0.5219999999999345,0.5219999999999345,0,0,1
aten::unsqueeze,0.8290000000000646,1.2789999999999964,0,0,1
aten::as_strided,0.4499999999999318,0.4499999999999318,0,0,1
aten::unsqueeze,0.4959999999999809,0.8819999999999482,0,0,1
aten::as_strided,0.38599999999996726,0.38599999999996726,0,0,1
aten::unsqueeze,0.8120000000000118,1.1050000000000182,0,0,1
aten::as_strided,0.29300000000000637,0.29300000000000637,0,0,1
aten::unsqueeze,0.4900000000000091,0.7690000000000055,0,0,1
aten::as_strided,0.27899999999999636,0.27899999999999636,0,0,1
aten::unsqueeze,0.6750000000000682,0.9260000000000446,0,0,1
aten::as_strided,0.25099999999997635,0.25099999999997635,0,0,1
aten::unsqueeze,0.6020000000000891,0.9880000000000564,0,0,1
aten::as_strided,0.38599999999996726,0.38599999999996726,0,0,1
aten::unsqueeze,1.4680000000000746,1.9800000000000182,0,0,1
aten::as_strided,0.5119999999999436,0.5119999999999436,0,0,1
aten::cat,3.619000000000028,3.619000000000028,0,0,1
aten::to,0.6130000000000564,0.6130000000000564,0,0,1
aten::to,0.05999999999994543,0.05999999999994543,0,0,1
aten::linear,2.826999999999998,56.798,0,0,1
aten::t,5.54099999999994,8.42599999999993,0,0,1
aten::transpose,1.8349999999999227,2.884999999999991,0,0,1
aten::as_strided,1.0500000000000682,1.0500000000000682,0,0,1
aten::addmm,31.097000000000094,45.54500000000007,0,0,1
aten::expand,1.5139999999998963,1.81899999999996,0,0,1
aten::as_strided,0.30500000000006366,0.30500000000006366,0,0,1
aten::copy_,12.290000000000077,12.290000000000077,0,0,1
aten::resolve_conj,0.2969999999999118,0.2969999999999118,0,0,1
aten::resolve_conj,0.04200000000003001,0.04200000000003001,0,0,1
aten::relu,4.7029999999999745,9.918999999999983,0,0,1
aten::clamp_min,5.216000000000008,5.216000000000008,0,0,1
aten::dropout,7.993000000000052,48.858999999999924,0,0,1
aten::empty_like,3.629000000000019,6.264999999999986,0,0,1
aten::empty_strided,2.6359999999999673,2.6359999999999673,0,0,1
aten::bernoulli_,15.152999999999906,15.152999999999906,0,0,1
aten::div_,7.970000000000027,14.308999999999969,0,0,1
aten::to,1.52800000000002,6.338999999999942,0,0,1
aten::_to_copy,2.4829999999998336,4.810999999999922,0,0,1
aten::empty_strided,0.6380000000000337,0.6380000000000337,0,0,1
aten::copy_,1.6900000000000546,1.6900000000000546,0,0,1
aten::mul,5.13900000000001,5.13900000000001,0,0,1
aten::linear,1.342999999999961,21.346000000000004,0,0,1
aten::t,2.008000000000038,3.796000000000049,0,0,1
aten::transpose,1.23700000000008,1.788000000000011,0,0,1
aten::as_strided,0.5509999999999309,0.5509999999999309,0,0,1
aten::addmm,13.271000000000072,16.206999999999994,0,0,1
aten::expand,0.8900000000001,1.1470000000000482,0,0,1
aten::as_strided,0.25699999999994816,0.25699999999994816,0,0,1
aten::copy_,1.6669999999999163,1.6669999999999163,0,0,1
aten::resolve_conj,0.07600000000002183,0.07600000000002183,0,0,1
aten::resolve_conj,0.045999999999935426,0.045999999999935426,0,0,1
aten::relu,2.6739999999998645,5.011999999999944,0,0,1
aten::clamp_min,2.338000000000079,2.338000000000079,0,0,1
aten::dropout,2.5200000000000955,38.15700000000004,0,0,1
aten::empty_like,1.0299999999999727,1.76299999999992,0,0,1
aten::empty_strided,0.7329999999999472,0.7329999999999472,0,0,1
aten::bernoulli_,10.447000000000116,10.447000000000116,0,0,1
aten::div_,2.7789999999999964,5.558999999999969,0,0,1
aten::to,0.4490000000000691,2.7799999999999727,0,0,1
aten::_to_copy,1.2719999999999345,2.3309999999999036,0,0,1
aten::empty_strided,0.5219999999999345,0.5219999999999345,0,0,1
aten::copy_,0.5370000000000346,0.5370000000000346,0,0,1
aten::mul,17.867999999999938,17.867999999999938,0,0,1
aten::linear,1.1510000000000673,16.721000000000004,0,0,1
aten::t,1.724999999999909,3.5049999999998818,0,0,1
aten::transpose,1.191000000000031,1.7799999999999727,0,0,1
aten::as_strided,0.5889999999999418,0.5889999999999418,0,0,1
aten::addmm,9.168999999999869,12.065000000000055,0,0,1
aten::expand,0.9210000000000491,1.1700000000000728,0,0,1
aten::as_strided,0.24900000000002365,0.24900000000002365,0,0,1
aten::copy_,1.6100000000001273,1.6100000000001273,0,0,1
aten::resolve_conj,0.07400000000006912,0.07400000000006912,0,0,1
aten::resolve_conj,0.041999999999916326,0.041999999999916326,0,0,1
aten::cross_entropy_loss,2.8750000000002274,34.29300000000012,0,0,1
aten::log_softmax,2.6879999999998745,13.798000000000002,0,0,1
aten::to,0.22600000000011278,0.22600000000011278,0,0,1
aten::_log_softmax,10.884000000000015,10.884000000000015,0,0,1
aten::nll_loss_nd,10.086999999999762,17.61999999999989,0,0,1
aten::nll_loss,1.5670000000000073,7.533000000000129,0,0,1
aten::nll_loss_forward,5.966000000000122,5.966000000000122,0,0,1
Optimizer.zero_grad#Adam.zero_grad,49.85200000000009,49.85200000000009,0,0,1
aten::ones_like,2.126000000000431,6.818000000000211,0,0,1
aten::empty_like,2.1629999999997835,4.055999999999813,0,0,1
aten::empty_strided,1.893000000000029,1.893000000000029,0,0,1
aten::fill_,0.6359999999999673,0.6359999999999673,0,0,1
autograd::engine::evaluate_function: NllLossBackward0,3.5690000000001874,17.04300000000012,0,0,1
NllLossBackward0,3.217999999999847,13.473999999999933,0,0,1
aten::nll_loss_backward,9.895999999999958,10.256000000000085,0,0,1
aten::zero_,0.36000000000012733,0.36000000000012733,0,0,1
autograd::engine::evaluate_function: LogSoftmaxBackward0,2.380999999999858,14.293999999999869,0,0,1
LogSoftmaxBackward0,2.866000000000213,11.913000000000011,0,0,1
aten::_log_softmax_backward_data,9.046999999999798,9.046999999999798,0,0,1
autograd::engine::evaluate_function: AddmmBackward0,6.781999999999698,48.19399999999996,0,0,1
AddmmBackward0,5.941000000000031,29.162000000000035,0,0,1
aten::t,2.602999999999838,4.583999999999833,0,0,1
aten::transpose,1.356999999999971,1.9809999999999945,0,0,1
aten::as_strided,0.6240000000000236,0.6240000000000236,0,0,1
aten::mm,8.485000000000127,8.751999999999953,0,0,1
aten::resolve_conj,0.1879999999998745,0.1879999999998745,0,0,1
aten::resolve_conj,0.038000000000010914,0.038000000000010914,0,0,1
aten::resolve_conj,0.04099999999993997,0.04099999999993997,0,0,1
aten::t,0.8690000000001419,2.331000000000131,0,0,1
aten::transpose,0.9650000000001455,1.461999999999989,0,0,1
aten::as_strided,0.49699999999984357,0.49699999999984357,0,0,1
aten::mm,5.342000000000098,5.600000000000136,0,0,1
aten::resolve_conj,0.21199999999998909,0.21199999999998909,0,0,1
aten::resolve_conj,0.04600000000004911,0.04600000000004911,0,0,1
aten::t,0.8600000000001273,1.9539999999999509,0,0,1
aten::transpose,0.8009999999997035,1.0939999999998236,0,0,1
aten::as_strided,0.29300000000012005,0.29300000000012005,0,0,1
aten::sum,8.489000000000033,10.100000000000136,0,0,1
aten::fill_,1.6110000000001037,1.6110000000001037,0,0,1
aten::view,2.150000000000091,2.150000000000091,0,0,1
autograd::engine::evaluate_function: torch::autograd::AccumulateGrad,1.3010000000001583,5.996000000000095,0,0,1
torch::autograd::AccumulateGrad,2.088999999999942,4.694999999999936,0,0,1
aten::detach,0.9479999999998654,2.6059999999999945,0,0,1
detach,1.6580000000001291,1.6580000000001291,0,0,1
autograd::engine::evaluate_function: TBackward0,1.4369999999996708,3.841999999999871,0,0,1
TBackward0,0.6670000000001437,2.4050000000002,0,0,1
aten::t,0.762000000000171,1.7380000000000564,0,0,1
aten::transpose,0.6849999999999454,0.9759999999998854,0,0,1
aten::as_strided,0.29099999999994,0.29099999999994,0,0,1
autograd::engine::evaluate_function: torch::autograd::AccumulateGrad,0.8110000000001492,2.3250000000000455,0,0,1
torch::autograd::AccumulateGrad,0.653999999999769,1.5139999999998963,0,0,1
aten::detach,0.3500000000001364,0.8600000000001273,0,0,1
detach,0.5099999999999909,0.5099999999999909,0,0,1
autograd::engine::evaluate_function: MulBackward0,2.213000000000193,8.902000000000044,0,0,1
MulBackward0,1.83199999999988,6.688999999999851,0,0,1
aten::mul,4.856999999999971,4.856999999999971,0,0,1
autograd::engine::evaluate_function: ReluBackward0,1.5599999999999454,7.483999999999924,0,0,1
ReluBackward0,2.1849999999999454,5.923999999999978,0,0,1
aten::threshold_backward,3.7390000000000327,3.7390000000000327,0,0,1
autograd::engine::evaluate_function: AddmmBackward0,4.598000000000184,32.84100000000012,0,0,1
AddmmBackward0,3.463999999999942,23.044000000000096,0,0,1
aten::t,1.05800000000022,2.22400000000016,0,0,1
aten::transpose,0.8269999999999982,1.16599999999994,0,0,1
aten::as_strided,0.3389999999999418,0.3389999999999418,0,0,1
aten::mm,5.551999999999907,5.6909999999998035,0,0,1
aten::resolve_conj,0.055000000000063665,0.055000000000063665,0,0,1
aten::resolve_conj,0.04299999999989268,0.04299999999989268,0,0,1
aten::resolve_conj,0.04099999999993997,0.04099999999993997,0,0,1
aten::t,0.6089999999999236,1.9420000000000073,0,0,1
aten::transpose,0.9270000000001346,1.3330000000000837,0,0,1
aten::as_strided,0.40599999999994907,0.40599999999994907,0,0,1
aten::mm,6.807000000000244,6.900000000000091,0,0,1
aten::resolve_conj,0.049999999999954525,0.049999999999954525,0,0,1
aten::resolve_conj,0.04299999999989268,0.04299999999989268,0,0,1
aten::t,0.5319999999999254,2.8230000000000928,0,0,1
aten::transpose,1.6550000000002,2.2910000000001673,0,0,1
aten::as_strided,0.6359999999999673,0.6359999999999673,0,0,1
aten::sum,3.9859999999998763,4.529999999999973,0,0,1
aten::fill_,0.5440000000000964,0.5440000000000964,0,0,1
aten::view,0.668999999999869,0.668999999999869,0,0,1
autograd::engine::evaluate_function: torch::autograd::AccumulateGrad,0.90300000000002,3.0130000000001473,0,0,1
torch::autograd::AccumulateGrad,0.7300000000000182,2.1100000000001273,0,0,1
aten::detach,0.4210000000002765,1.3800000000001091,0,0,1
detach,0.9589999999998327,0.9589999999998327,0,0,1
autograd::engine::evaluate_function: TBackward0,1.0839999999998327,2.866999999999962,0,0,1
TBackward0,0.41800000000012005,1.7830000000001291,0,0,1
aten::t,0.543999999999869,1.365000000000009,0,0,1
aten::transpose,0.6080000000001746,0.8210000000001401,0,0,1
aten::as_strided,0.21299999999996544,0.21299999999996544,0,0,1
autograd::engine::evaluate_function: torch::autograd::AccumulateGrad,0.7329999999999472,1.9790000000000418,0,0,1
torch::autograd::AccumulateGrad,0.5460000000000491,1.2460000000000946,0,0,1
aten::detach,0.30399999999985994,0.7000000000000455,0,0,1
detach,0.39600000000018554,0.39600000000018554,0,0,1
autograd::engine::evaluate_function: MulBackward0,1.2920000000001437,3.2380000000000564,0,0,1
MulBackward0,0.6159999999997581,1.9459999999999127,0,0,1
aten::mul,1.3300000000001546,1.3300000000001546,0,0,1
autograd::engine::evaluate_function: ReluBackward0,1.4539999999999509,4.030999999999949,0,0,1
ReluBackward0,1.231999999999971,2.576999999999998,0,0,1
aten::threshold_backward,1.3450000000000273,1.3450000000000273,0,0,1
autograd::engine::evaluate_function: AddmmBackward0,3.3430000000000746,24.86200000000008,0,0,1
AddmmBackward0,1.7109999999997854,17.954999999999927,0,0,1
aten::t,0.5009999999999764,1.3079999999999927,0,0,1
aten::transpose,0.5860000000000127,0.8070000000000164,0,0,1
aten::as_strided,0.22100000000000364,0.22100000000000364,0,0,1
aten::mm,11.346999999999753,11.451000000000022,0,0,1
aten::resolve_conj,0.06400000000007822,0.06400000000007822,0,0,1
aten::resolve_conj,0.040000000000190994,0.040000000000190994,0,0,1
aten::t,0.7290000000002692,3.4850000000001273,0,0,1
aten::transpose,2.2139999999997144,2.755999999999858,0,0,1
aten::as_strided,0.5420000000001437,0.5420000000001437,0,0,1
aten::sum,2.6779999999998836,2.969000000000051,0,0,1
aten::fill_,0.29100000000016735,0.29100000000016735,0,0,1
aten::view,0.5950000000000273,0.5950000000000273,0,0,1
autograd::engine::evaluate_function: torch::autograd::AccumulateGrad,0.8050000000000637,2.4610000000000127,0,0,1
torch::autograd::AccumulateGrad,0.5460000000000491,1.655999999999949,0,0,1
aten::detach,0.30999999999994543,1.1099999999999,0,0,1
detach,0.7999999999999545,0.7999999999999545,0,0,1
autograd::engine::evaluate_function: TBackward0,0.9220000000000255,2.6109999999998763,0,0,1
TBackward0,0.38699999999971624,1.6889999999998508,0,0,1
aten::t,0.54300000000012,1.3020000000001346,0,0,1
aten::transpose,0.5480000000002292,0.7590000000000146,0,0,1
aten::as_strided,0.21099999999978536,0.21099999999978536,0,0,1
autograd::engine::evaluate_function: torch::autograd::AccumulateGrad,0.7139999999999418,2.3299999999999272,0,0,1
torch::autograd::AccumulateGrad,0.6289999999999054,1.6159999999999854,0,0,1
aten::detach,0.32799999999997453,0.98700000000008,0,0,1
detach,0.6590000000001055,0.6590000000001055,0,0,1
Optimizer.step#Adam.step,424.80399999999963,612.749,0,0,1
aten::add_,6.505999999999858,15.664999999999964,0,0,1
aten::to,1.1610000000000582,9.159000000000106,0,0,1
aten::_to_copy,3.6280000000001564,7.998000000000047,0,0,1
aten::empty_strided,1.574999999999818,1.574999999999818,0,0,1
aten::copy_,2.7950000000000728,2.7950000000000728,0,0,1
aten::lerp_,6.173000000000002,6.173000000000002,0,0,1
aten::mul_,4.983999999999924,8.616999999999962,0,0,1
aten::to,0.4450000000001637,3.633000000000038,0,0,1
aten::_to_copy,1.1249999999997726,3.1879999999998745,0,0,1
aten::empty_strided,1.3450000000000273,1.3450000000000273,0,0,1
aten::copy_,0.7180000000000746,0.7180000000000746,0,0,1
aten::addcmul_,3.7660000000000764,3.7660000000000764,0,0,1
aten::item,1.1140000000000327,1.9809999999999945,0,0,1
aten::_local_scalar_dense,0.8669999999999618,0.8669999999999618,0,0,1
aten::sqrt,9.018000000000029,9.018000000000029,0,0,1
aten::div,7.0759999999997945,9.799999999999955,0,0,1
aten::to,0.48700000000008004,2.72400000000016,0,0,1
aten::_to_copy,1.2440000000001419,2.23700000000008,0,0,1
aten::empty_strided,0.47499999999990905,0.47499999999990905,0,0,1
aten::copy_,0.5180000000000291,0.5180000000000291,0,0,1
aten::add_,2.0289999999999964,4.604000000000042,0,0,1
aten::to,0.3710000000000946,2.5750000000000455,0,0,1
aten::_to_copy,1.2459999999998672,2.203999999999951,0,0,1
aten::empty_strided,0.56899999999996,0.56899999999996,0,0,1
aten::copy_,0.3890000000001237,0.3890000000001237,0,0,1
aten::addcdiv_,4.6059999999999945,4.6059999999999945,0,0,1
aten::add_,1.5019999999999527,4.311999999999898,0,0,1
aten::to,0.35199999999986176,2.8099999999999454,0,0,1
aten::_to_copy,1.058999999999969,2.4580000000000837,0,0,1
aten::empty_strided,0.9039999999999964,0.9039999999999964,0,0,1
aten::copy_,0.49500000000011823,0.49500000000011823,0,0,1
aten::lerp_,1.1700000000000728,1.1700000000000728,0,0,1
aten::mul_,1.6310000000000855,4.408000000000129,0,0,1
aten::to,0.36400000000003274,2.7770000000000437,0,0,1
aten::_to_copy,0.9549999999999272,2.413000000000011,0,0,1
aten::empty_strided,1.0650000000000546,1.0650000000000546,0,0,1
aten::copy_,0.3930000000000291,0.3930000000000291,0,0,1
aten::addcmul_,1.1979999999998654,1.1979999999998654,0,0,1
aten::item,0.528999999999769,0.6589999999998781,0,0,1
aten::_local_scalar_dense,0.13000000000010914,0.13000000000010914,0,0,1
aten::sqrt,1.4670000000000982,1.4670000000000982,0,0,1
aten::div,2.205999999999676,6.380999999999858,0,0,1
aten::to,0.7630000000001473,4.175000000000182,0,0,1
aten::_to_copy,1.5910000000001219,3.4120000000000346,0,0,1
aten::empty_strided,1.0139999999998963,1.0139999999998963,0,0,1
aten::copy_,0.8070000000000164,0.8070000000000164,0,0,1
aten::add_,1.33400000000006,4.449000000000069,0,0,1
aten::to,0.3550000000000182,3.115000000000009,0,0,1
aten::_to_copy,1.050000000000182,2.759999999999991,0,0,1
aten::empty_strided,1.3049999999998363,1.3049999999998363,0,0,1
aten::copy_,0.4049999999999727,0.4049999999999727,0,0,1
aten::addcdiv_,1.1059999999999945,1.1059999999999945,0,0,1
aten::add_,1.1990000000000691,3.7950000000000728,0,0,1
aten::to,0.34400000000005093,2.5960000000000036,0,0,1
aten::_to_copy,1.0109999999997399,2.2519999999999527,0,0,1
aten::empty_strided,0.8230000000000928,0.8230000000000928,0,0,1
aten::copy_,0.41800000000012005,0.41800000000012005,0,0,1
aten::lerp_,1.8450000000000273,1.8450000000000273,0,0,1
aten::mul_,2.0019999999997253,4.30399999999986,0,0,1
aten::to,0.3240000000000691,2.3020000000001346,0,0,1
aten::_to_copy,0.9069999999999254,1.9780000000000655,0,0,1
aten::empty_strided,0.7030000000002019,0.7030000000002019,0,0,1
aten::copy_,0.36799999999993815,0.36799999999993815,0,0,1
aten::addcmul_,1.0540000000000873,1.0540000000000873,0,0,1
aten::item,0.38799999999991996,0.5109999999999673,0,0,1
aten::_local_scalar_dense,0.1230000000000473,0.1230000000000473,0,0,1
aten::sqrt,4.98700000000008,4.98700000000008,0,0,1
aten::div,2.6769999999999072,6.610999999999876,0,0,1
aten::to,1.5199999999999818,3.933999999999969,0,0,1
aten::_to_copy,1.0199999999999818,2.4139999999999873,0,0,1
aten::empty_strided,0.9510000000000218,0.9510000000000218,0,0,1
aten::copy_,0.44299999999998363,0.44299999999998363,0,0,1
aten::add_,1.4030000000002474,3.9470000000001164,0,0,1
aten::to,0.31999999999993634,2.543999999999869,0,0,1
aten::_to_copy,0.974999999999909,2.2239999999999327,0,0,1
aten::empty_strided,0.8559999999999945,0.8559999999999945,0,0,1
aten::copy_,0.3930000000000291,0.3930000000000291,0,0,1
aten::addcdiv_,1.3710000000000946,1.3710000000000946,0,0,1
aten::add_,1.2029999999999745,3.4529999999999745,0,0,1
aten::to,0.3200000000001637,2.25,0,0,1
aten::_to_copy,0.8839999999997872,1.9299999999998363,0,0,1
aten::empty_strided,0.5769999999999982,0.5769999999999982,0,0,1
aten::copy_,0.46900000000005093,0.46900000000005093,0,0,1
aten::lerp_,0.7619999999999436,0.7619999999999436,0,0,1
aten::mul_,1.7009999999997945,3.8999999999998636,0,0,1
aten::to,0.3289999999999509,2.199000000000069,0,0,1
aten::_to_copy,0.97199999999998,1.8700000000001182,0,0,1
aten::empty_strided,0.49099999999998545,0.49099999999998545,0,0,1
aten::copy_,0.4070000000001528,0.4070000000001528,0,0,1
aten::addcmul_,0.7159999999998945,0.7159999999998945,0,0,1
aten::item,0.40200000000004366,0.54300000000012,0,0,1
aten::_local_scalar_dense,0.1410000000000764,0.1410000000000764,0,0,1
aten::sqrt,1.45699999999988,1.45699999999988,0,0,1
aten::div,2.6350000000002183,5.655999999999949,0,0,1
aten::to,0.40099999999983993,3.020999999999731,0,0,1
aten::_to_copy,1.1880000000001019,2.619999999999891,0,0,1
aten::empty_strided,0.9710000000000036,0.9710000000000036,0,0,1
aten::copy_,0.46099999999978536,0.46099999999978536,0,0,1
aten::add_,1.1709999999998217,3.56899999999996,0,0,1
aten::to,0.30300000000033833,2.3980000000001382,0,0,1
aten::_to_copy,0.8619999999996253,2.0949999999998,0,0,1
aten::empty_strided,0.8410000000003492,0.8410000000003492,0,0,1
aten::copy_,0.3919999999998254,0.3919999999998254,0,0,1
aten::addcdiv_,0.9149999999999636,0.9149999999999636,0,0,1
aten::add_,1.1589999999996508,3.342999999999847,0,0,1
aten::to,0.32900000000017826,2.1840000000001965,0,0,1
aten::_to_copy,0.8789999999999054,1.8550000000000182,0,0,1
aten::empty_strided,0.5019999999999527,0.5019999999999527,0,0,1
aten::copy_,0.47400000000016007,0.47400000000016007,0,0,1
aten::lerp_,0.7890000000002146,0.7890000000002146,0,0,1
aten::mul_,1.1880000000001019,3.4409999999998035,0,0,1
aten::to,0.3239999999996144,2.2529999999997017,0,0,1
aten::_to_copy,0.8849999999997635,1.9290000000000873,0,0,1
aten::empty_strided,0.6400000000003274,0.6400000000003274,0,0,1
aten::copy_,0.40399999999999636,0.40399999999999636,0,0,1
aten::addcmul_,0.7460000000000946,0.7460000000000946,0,0,1
aten::item,0.3680000000003929,0.4750000000003638,0,0,1
aten::_local_scalar_dense,0.1069999999999709,0.1069999999999709,0,0,1
aten::sqrt,1.9700000000002547,1.9700000000002547,0,0,1
aten::div,2.786999999999807,5.606999999999971,0,0,1
aten::to,0.3890000000001237,2.8200000000001637,0,0,1
aten::_to_copy,1.1010000000001128,2.43100000000004,0,0,1
aten::empty_strided,0.8789999999999054,0.8789999999999054,0,0,1
aten::copy_,0.45100000000002183,0.45100000000002183,0,0,1
aten::add_,1.2359999999998763,10.900000000000091,0,0,1
aten::to,7.484000000000378,9.664000000000215,0,0,1
aten::_to_copy,0.9289999999996326,2.1799999999998363,0,0,1
aten::empty_strided,0.8500000000003638,0.8500000000003638,0,0,1
aten::copy_,0.40099999999983993,0.40099999999983993,0,0,1
aten::addcdiv_,1.0300000000002,1.0300000000002,0,0,1
aten::add_,1.1909999999998035,3.3739999999997963,0,0,1
aten::to,0.33100000000013097,2.1829999999999927,0,0,1
aten::_to_copy,0.9259999999999309,1.8519999999998618,0,0,1
aten::empty_strided,0.4669999999996435,0.4669999999996435,0,0,1
aten::copy_,0.4590000000002874,0.4590000000002874,0,0,1
aten::lerp_,0.7170000000000982,0.7170000000000982,0,0,1
aten::mul_,1.16800000000012,3.699000000000069,0,0,1
aten::to,0.3020000000001346,2.530999999999949,0,0,1
aten::_to_copy,0.9049999999997453,2.2289999999998145,0,0,1
aten::empty_strided,0.9250000000001819,0.9250000000001819,0,0,1
aten::copy_,0.3989999999998872,0.3989999999998872,0,0,1
aten::addcmul_,0.8359999999997854,0.8359999999997854,0,0,1
aten::item,0.3439999999995962,0.4359999999996944,0,0,1
aten::_local_scalar_dense,0.09200000000009823,0.09200000000009823,0,0,1
aten::sqrt,1.305000000000291,1.305000000000291,0,0,1
aten::div,3.124000000000251,5.753999999999905,0,0,1
aten::to,0.407999999999447,2.6299999999996544,0,0,1
aten::_to_copy,1.1200000000003456,2.2220000000002074,0,0,1
aten::empty_strided,0.6489999999998872,0.6489999999998872,0,0,1
aten::copy_,0.45299999999997453,0.45299999999997453,0,0,1
aten::add_,1.2519999999999527,3.786000000000058,0,0,1
aten::to,0.3160000000002583,2.5340000000001055,0,0,1
aten::_to_copy,0.8839999999995598,2.217999999999847,0,0,1
aten::empty_strided,0.9390000000003056,0.9390000000003056,0,0,1
aten::copy_,0.3949999999999818,0.3949999999999818,0,0,1
aten::addcdiv_,0.9610000000002401,0.9610000000002401,0,0,1
aten::max,15.65499999999929,26.471999999999753,0,0,1
aten::unsqueeze_,3.3730000000000473,6.483000000000175,0,0,1
aten::as_strided_,3.1100000000001273,3.1100000000001273,0,0,1
aten::unsqueeze_,0.6910000000002583,1.0540000000000873,0,0,1
aten::as_strided_,0.362999999999829,0.362999999999829,0,0,1
aten::squeeze_,1.61200000000008,2.01700000000028,0,0,1
aten::as_strided_,0.4050000000002001,0.4050000000002001,0,0,1
aten::squeeze_,1.0299999999997453,1.26299999999992,0,0,1
aten::as_strided_,0.23300000000017462,0.23300000000017462,0,0,1
aten::eq,4.356999999999971,4.356999999999971,0,0,1
aten::to,0.6300000000001091,5.739000000000033,0,0,1
aten::_to_copy,2.5570000000002437,5.108999999999924,0,0,1
aten::empty_strided,1.0889999999999418,1.0889999999999418,0,0,1
aten::copy_,1.462999999999738,1.462999999999738,0,0,1
aten::mean,5.888999999999669,19.522999999999683,0,0,1
aten::sum,4.87099999999964,6.4529999999999745,0,0,1
aten::as_strided,1.1040000000002692,1.1040000000002692,0,0,1
aten::fill_,0.4780000000000655,0.4780000000000655,0,0,1
aten::div_,3.9670000000000982,7.18100000000004,0,0,1
aten::to,0.47499999999990905,3.213999999999942,0,0,1
aten::_to_copy,1.1860000000001492,2.7390000000000327,0,0,1
aten::empty_strided,0.9270000000001346,0.9270000000001346,0,0,1
aten::copy_,0.625999999999749,0.625999999999749,0,0,1
aten::item,0.5900000000006003,1.0460000000002765,0,0,1
aten::_local_scalar_dense,0.4559999999996762,0.4559999999996762,0,0,1
ProfilerStep*,118.31899999999996,233.404,0,0,1
aten::item,0.6899999999995998,0.9769999999998618,0,0,1
aten::_local_scalar_dense,0.28700000000026193,0.28700000000026193,0,0,1
enumerate(DataLoader)#_SingleProcessDataLoaderIter.__next__,82.20100000000002,114.10800000000017,0,0,1
aten::randperm,15.969999999999345,31.394999999999982,0,0,1
aten::empty,5.756000000000313,5.756000000000313,0,0,1
aten::randperm,7.567000000000462,9.669000000000324,0,0,1
aten::scalar_tensor,1.5760000000000218,1.5760000000000218,0,0,1
aten::resize_,0.44000000000005457,0.44000000000005457,0,0,1
aten::resize_,0.08599999999978536,0.08599999999978536,0,0,1
aten::resolve_conj,0.3949999999999818,0.3949999999999818,0,0,1
aten::resolve_neg,0.11700000000018917,0.11700000000018917,0,0,1
